Time;Px;Py;Pz;Vx;Vy;Vz;V;Ax;Ay;Az;A
0,0025624;-0,9975659;2,509968;-1,718964;0,9997438;-0,02513392;499,8719;499,87288758177;-0,09997438;-9,807487;-49,98719;50,9403177821002
0,01370985;-0,9869838;2,509079;3,850228;0,9986299;-0,1344015;499,315;499,315988641242;-0,099863;-9,79656;-49,9315;50,8835651907976
0,01578695;-0,9850134;2,508778;4,887248;0,9984226;-0,1547478;499,2113;499,212295599608;-0,09984226;-9,794525;-49,92113;50,8729952347501
0,01741905;-0,9834654;2,508512;5,701943;0,9982596;-0,1707321;499,1298;499,130818718613;-0,09982596;-9,792927;-49,91298;50,8646954806628
0,01904575;-0,9819228;2,508222;6,513812;0,9980972;-0,186661;499,0486;499,049647506885;-0,09980973;-9,791334;-49,90486;50,8564192882823
0,020581;-0,9804671;2,507924;7,279918;0,997944;-0,201692;498,972;498,973054087208;-0,0997944;-9,789831;-49,8972;50,8486132989469
0,02220355;-0,9789289;2,507584;8,089459;0,9977821;-0,2175752;498,8911;498,892097471307;-0,09977821;-9,788242;-49,88911;50,8403640443459
0,0237781;-0,9774364;2,507229;8,874926;0,997625;-0,232986;498,8125;498,813552035604;-0,0997625;-9,786701;-49,88125;50,8323598004454
0,0254326;-0,9758684;2,50683;9,700143;0,9974599;-0,2491768;498,73;498,731040174755;-0,099746;-9,785082;-49,873;50,823951193522
0,02746425;-0,9739434;2,506304;10,71329;0,9972574;-0,2690547;498,6287;498,629731955102;-0,09972574;-9,783094;-49,86287;50,8136262481897
0,0310046;-0,9705896;2,50529;12,47829;0,9969043;-0,3036841;498,4522;498,453268368578;-0,09969044;-9,779632;-49,84522;50,795639141669
0,03256905;-0,969108;2,504803;13,25804;0,9967484;-0,3189827;498,3742;498,375305371986;-0,09967484;-9,778102;-49,83742;50,7876932511474
0,034383;-0,9673905;2,504208;14,16198;0,9965676;-0,336718;498,2838;498,284923812439;-0,09965676;-9,776328;-49,82838;50,7784800287201
0,0360252;-0,9658358;2,503642;14,98019;0,9964039;-0,3527714;498,202;498,203117149013;-0,0996404;-9,774723;-49,8202;50,7701415560145
0,03785675;-0,9641021;2,502979;15,89259;0,9962215;-0,3706726;498,1107;498,11188243053;-0,09962215;-9,772933;-49,81107;50,7608428588189
0,03961565;-0,9624376;2,502312;16,76864;0,9960462;-0,3878607;498,0231;498,024279402226;-0,09960463;-9,771214;-49,80231;50,7519171090613
0,04110965;-0,9610239;2,501722;17,51263;0,9958975;-0,4024579;497,9487;497,949889004452;-0,09958975;-9,769754;-49,79488;50,7443366793196
0,0430833;-0,9591567;2,500909;18,49531;0,995701;-0,4217381;497,8505;497,851638197723;-0,0995701;-9,767826;-49,78505;50,7343225847247
0,04460785;-0,9577146;2,500254;19,25425;0,9955491;-0,4366285;497,7746;497,775753694866;-0,09955492;-9,766337;-49,77746;50,7265867296216
0,0468448;-0,9555991;2,499253;20,36763;0,9953265;-0,4584728;497,6632;497,66444503467;-0,09953265;-9,764153;-49,76632;50,7152392794741
0,0487171;-0,9538288;2,498378;21,29931;0,9951401;-0,4767525;497,5701;497,571291901005;-0,09951402;-9,762324;-49,75701;50,7057460710351
0,05081885;-0,951842;2,497354;22,34497;0,994931;-0,4972683;497,4655;497,46675860173;-0,0994931;-9,760273;-49,74655;50,6950906402047
0,0522876;-0,9504538;2,496613;23,07557;0,9947849;-0,5116027;497,3925;497,393713947429;-0,09947849;-9,75884;-49,73925;50,6876461847177
0,0541454;-0,9486981;2,495646;23,99954;0,9946001;-0,529731;497,3;497,301325565049;-0,09946001;-9,757027;-49,73001;50,678230780779
0,05593215;-0,9470099;2,494684;24,88801;0,9944224;-0,5471628;497,2112;497,212507645162;-0,09944224;-9,755283;-49,72112;50,6691731673522
0,057769;-0,9452747;2,493662;25,80123;0,9942397;-0,5650802;497,1199;497,121188450473;-0,09942397;-9,753492;-49,71199;50,6598667998594
0,05930785;-0,9438213;2,492781;26,56617;0,9940867;-0,5800881;497,0434;497,044728584893;-0,09940868;-9,751991;-49,70434;50,6520724077675
0,06081745;-0,9423956;2,491894;27,31644;0,9939367;-0,5948086;496,9684;496,969703161959;-0,09939367;-9,750519;-49,69683;50,6444257707691
0,0626588;-0,940657;2,490782;28,23145;0,9937537;-0,6127611;496,8769;496,878233160323;-0,09937537;-9,748724;-49,68769;50,6351036954912
0,06429856;-0,939109;2,489765;29,04614;0,9935908;-0,6287453;496,7954;496,796771098232;-0,09935908;-9,747126;-49,67954;50,6268001980821
0,06620026;-0,9373141;2,488551;29,99081;0,9934018;-0,6472796;496,7009;496,702342887853;-0,09934019;-9,745272;-49,67009;50,6171747587249
0,06783535;-0,935771;2,48748;30,80289;0,9932394;-0,6632128;496,6197;496,621156541419;-0,09932394;-9,743679;-49,66197;50,6088985663298
0,0715071;-0,9323069;2,484979;32,62603;0,9928748;-0,6989826;496,4374;496,438893402681;-0,09928748;-9,740102;-49,64374;50,5903204394355
0,07518075;-0,9288422;2,482346;34,44943;0,9925101;-0,7347578;496,2551;496,256602368797;-0,09925101;-9,736525;-49,62551;50,5717385692049
0,0768007;-0,9273149;2,481143;35,25327;0,9923493;-0,7505292;496,1747;496,17624260084;-0,09923494;-9,734947;-49,61747;50,5635476679827
0,07864145;-0,9255796;2,479744;36,16652;0,9921667;-0,7684471;496,0833;496,084930843153;-0,09921667;-9,733155;-49,60834;50,55424111688
0,0800928;-0,9242116;2,478619;36,88646;0,9920227;-0,7825723;496,0114;496,012961903226;-0,09920228;-9,731743;-49,60114;50,5469017709218
0,08205371;-0,9223637;2,477066;37,85899;0,9918282;-0,8016534;495,9141;495,915732786204;-0,09918282;-9,729835;-49,59141;50,5369926022165
0,08371545;-0,920798;2,47572;38,68301;0,9916634;-0,8178206;495,8317;495,833361670443;-0,09916634;-9,728218;-49,58317;50,528595776132
0,0852671;-0,9193363;2,474439;39,4523;0,9915096;-0,8329142;495,7548;495,756451935691;-0,09915096;-9,726708;-49,57548;50,5207548115147
0,0873579;-0,917367;2,472677;40,48872;0,9913023;-0,8532487;495,6511;495,652848767211;-0,09913023;-9,724675;-49,56511;50,5101927093597
0,0889537;-0,9158642;2,471303;41,27962;0,9911441;-0,8687661;495,5721;495,573804641209;-0,09911441;-9,723124;-49,55721;50,5021340390412
0,0909781;-0,9139581;2,469524;42,28275;0,9909434;-0,8884476;495,4717;495,473497698451;-0,09909435;-9,721155;-49,54717;50,4919100926523
0,09248315;-0,9125413;2,468176;43,0284;0,9907943;-0,9030772;495,3972;495,39896967864;-0,09907943;-9,719692;-49,53971;50,4843102117892
0,09436015;-0,9107746;2,466464;43,95818;0,9906083;-0,9213194;495,3042;495,306016183041;-0,09906084;-9,717868;-49,53042;50,4748364544862
0,09594525;-0,909283;2,464991;44,74323;0,9904513;-0,936722;495,2257;495,227553845392;-0,09904514;-9,716328;-49,52257;50,466836137532
0,09786385;-0,9074778;2,463176;45,69327;0,9902613;-0,955362;495,1307;495,132588219752;-0,09902614;-9,714464;-49,51307;50,4571564553667
0,099413;-0,9060205;2,461684;46,46024;0,990108;-0,97041;495,054;495,055926803728;-0,0990108;-9,712959;-49,5054;50,449338868817
0,100848;-0,9046707;2,460282;47,17059;0,9899659;-0,984347;494,9829;494,984909395845;-0,09899659;-9,711565;-49,49829;50,4421003381777
0,1027167;-0,9029133;2,458425;48,0955;0,9897809;-1,002494;494,8904;494,892447041512;-0,09897809;-9,70975;-49,48904;50,4326733370247
0,1042516;-0,9014701;2,456875;48,85503;0,989629;-1,017396;494,8145;494,816519208695;-0,0989629;-9,708261;-49,48145;50,4249335549607
0,106559;-0,8993009;2,454502;49,99666;0,9894007;-1,039794;494,7003;494,702430051613;-0,09894007;-9,70602;-49,47004;50,4133021918407
0,107978;-0,8979672;2,453017;50,69859;0,9892603;-1,053566;494,6301;494,632238261463;-0,09892603;-9,704643;-49,46302;50,4061493195942
0,109757;-0,8962953;2,451127;51,57846;0,9890843;-1,070829;494,5421;494,544293185285;-0,09890843;-9,702917;-49,45422;50,397181107882
0,1112237;-0,8949172;2,449546;52,30372;0,9889393;-1,085059;494,4696;494,471814465431;-0,09889393;-9,701494;-49,44696;50,3897910788129
0,1128235;-0,8934143;2,447798;53,09473;0,988781;-1,100579;494,3905;494,392747240093;-0,09887811;-9,699943;-49,43905;50,3817286651727
0,1147308;-0,8916227;2,445681;54,03759;0,9885925;-1,119078;494,2962;494,298489503745;-0,09885925;-9,698092;-49,42963;50,3721226769368
0,1163592;-0,8900934;2,443846;54,84244;0,9884315;-1,134869;494,2158;494,218050704066;-0,09884315;-9,696513;-49,42158;50,3639201784712
0,1181676;-0,8883954;2,441777;55,7361;0,9882528;-1,152402;494,1264;494,12873587262;-0,09882528;-9,694759;-49,41264;50,3548118819482
0,1196194;-0,8870324;2,440094;56,45341;0,9881093;-1,166476;494,0547;494,057022126266;-0,09881093;-9,693353;-49,40547;50,3475035843257
0,121085;-0,8856567;2,438374;57,17745;0,9879645;-1,180682;493,9823;493,984668236703;-0,09879645;-9,691932;-49,39823;50,3401251524854
0,1231799;-0,8836906;2,43588;58,21216;0,9877576;-1,200983;493,8788;493,881232167153;-0,09877576;-9,689901;-49,38788;50,3295785745202
0,1246377;-0,8823227;2,434119;58,93211;0,9876136;-1,215108;493,8068;493,809275825477;-0,09876136;-9,688489;-49,38068;50,3222429718691
0,126625;-0,8804582;2,431685;59,91333;0,9874173;-1,23436;493,7087;493,711209669496;-0,09874173;-9,686564;-49,37087;50,3122445850592
0,1280855;-0,8790882;2,429872;60,63437;0,9872731;-1,248506;493,6366;493,639132290469;-0,09872732;-9,685149;-49,36366;50,3048972015839
0,1297813;-0,8774977;2,42774;61,47138;0,9871057;-1,264928;493,5529;493,555464489102;-0,09871057;-9,683507;-49,35529;50,2963644012594
0,131409;-0,8759714;2,425669;62,27467;0,9869451;-1,280689;493,4725;493,475182977479;-0,09869451;-9,681931;-49,34726;50,2881813539152
0,1328716;-0,8746001;2,423785;62,9964;0,9868007;-1,294849;493,4004;493,403045961883;-0,09868007;-9,680515;-49,34004;50,2808263001427
0,1346378;-0,8729444;2,421483;63,86774;0,9866264;-1,311945;493,3132;493,315963570859;-0,09866264;-9,678805;-49,33132;50,2719435632134
0,1362167;-0,8714646;2,4194;64,64657;0,9864707;-1,327226;493,2354;493,238123712516;-0,09864707;-9,677278;-49,32354;50,2640092699206
0,1379342;-0,869855;2,417106;65,49365;0,9863012;-1,343845;493,1506;493,153452061905;-0,09863013;-9,675615;-49,31506;50,2553752870282
0,1395609;-0,8683309;2,414907;66,29579;0,9861408;-1,359583;493,0704;493,07329514831;-0,09861409;-9,674042;-49,30704;50,2472000935911
0,1409602;-0,86702;2,412995;66,98567;0,9860029;-1,373119;493,0014;493,004332541902;-0,09860029;-9,672688;-49,30014;50,2401715983557
0,1426092;-0,8654754;2,410717;67,79859;0,9858403;-1,389068;492,9201;492,923078554206;-0,09858403;-9,671093;-49,29202;50,2318873684435
0,1440316;-0,8641434;2,408732;68,49965;0,9857001;-1,402823;492,85;492,853018774022;-0,09857001;-9,669718;-49,285;50,2247423501041
0,1457692;-0,8625162;2,40628;69,35597;0,9855288;-1,419624;492,7644;492,767434741804;-0,09855288;-9,668037;-49,27644;50,2160150385362
0,1473049;-0,8610784;2,404088;70,11266;0,9853775;-1,43447;492,6887;492,691794311526;-0,09853775;-9,666553;-49,26888;50,2083061212126
0,1487912;-0,8596872;2,401946;70,84486;0,985231;-1,448836;492,6155;492,618624847461;-0,0985231;-9,665116;-49,26155;50,200842398214
0,150527;-0,8580625;2,399416;71,6999;0,98506;-1,465612;492,53;492,533164425658;-0,098506;-9,663439;-49,253;50,1921306108213
0,1519616;-0,8567201;2,397304;72,40643;0,9849187;-1,479474;492,4594;492,462557853805;-0,09849187;-9,662052;-49,24594;50,1849309824248
0,1538577;-0,854946;2,394481;73,34007;0,984732;-1,497792;492,366;492,369260199865;-0,0984732;-9,660221;-49,2366;50,1754147631526
0,1553935;-0,8535093;2,392169;74,09618;0,9845808;-1,512627;492,2904;492,293683198705;-0,09845807;-9,658737;-49,22904;50,1677097727752
0,1570811;-0,8519309;2,389603;74,92688;0,9844146;-1,528925;492,2073;492,210664933751;-0,09844147;-9,657107;-49,22073;50,159246739434
0,1590007;-0,8501357;2,38665;75,87166;0,9842257;-1,547462;492,1128;492,11624071808;-0,09842256;-9,655253;-49,21128;50,1496175567404
0,1605003;-0,8487337;2,384319;76,60955;0,9840781;-1,561939;492,039;492,04249517583;-0,09840781;-9,653806;-49,20391;50,1420992237139
0,1623099;-0,847042;2,381477;77,49986;0,9839;-1,579407;491,95;491,953531440986;-0,09839001;-9,65206;-49,195;50,1330260860974
0,1640404;-0,8454245;2,378729;78,35111;0,9837298;-1,596109;491,8649;491,86847209662;-0,09837298;-9,650389;-49,18649;50,1243492740158
0,1661051;-0,8434951;2,375413;79,36656;0,9835267;-1,616032;491,7633;491,766974996003;-0,09835267;-9,648396;-49,17633;50,1140009506012
0,1675364;-0,8421577;2,37309;80,0704;0,9833859;-1,629841;491,693;491,696647279916;-0,0983386;-9,647016;-49,1693;50,1068286272332
0,1690519;-0,840742;2,370609;80,8155;0,9832369;-1,64446;491,6184;491,62217229694;-0,09832369;-9,645554;-49,16185;50,0992364166381
0,1707983;-0,8391108;2,367722;81,67397;0,9830652;-1,661303;491,5326;491,536383296231;-0,09830652;-9,643869;-49,15326;50,0904859106271
0,1724047;-0,8376106;2,365041;82,4635;0,9829073;-1,676794;491,4536;491,457487222842;-0,09829073;-9,642321;-49,14537;50,0824427644837
0,1749887;-0,8351979;2,360676;83,73328;0,9826533;-1,701707;491,3267;491,330589719558;-0,09826533;-9,63983;-49,13267;50,0695016075034
0,1765717;-0,8337201;2,35797;84,51099;0,9824978;-1,716966;491,2489;491,252884334676;-0,09824978;-9,638304;-49,12489;50,0615751681032
0,1781547;-0,8322427;2,35524;85,28854;0,9823423;-1,732221;491,1711;491,175179430257;-0,09823423;-9,636778;-49,11712;50,0536524720393
0,1795613;-0,8309301;2,352794;85,97938;0,9822041;-1,745775;491,1021;491,106135919788;-0,09822042;-9,635423;-49,11021;50,0466123795896
0,1813295;-0,8292801;2,349692;86,84769;0,9820305;-1,762812;491,0152;491,019374651608;-0,09820305;-9,633718;-49,10152;50,0377644343323
0,1829844;-0,8277364;2,346762;87,66018;0,981868;-1,778753;490,934;490,938194718012;-0,0981868;-9,632125;-49,0934;50,029484314991
0,184426;-0,8263917;2,344187;88,36786;0,9817264;-1,792637;490,8632;490,867475287463;-0,09817264;-9,630736;-49,08632;50,0222730893656
0,1862463;-0,824694;2,340908;89,26132;0,9815477;-1,810167;490,7739;490,778184578906;-0,09815478;-9,628983;-49,07739;50,0131687197889
0,1876337;-0,8234003;2,338387;89,94218;0,9814116;-1,823525;490,7058;490,710149648275;-0,09814116;-9,627647;-49,07058;50,0062296262826
0,1891915;-0,821948;2,335535;90,70651;0,9812587;-1,838522;490,6293;490,633759455614;-0,09812587;-9,626148;-49,06293;49,9984393447469
0,1908385;-0,8204127;2,332494;91,51454;0,9810971;-1,854375;490,5486;490,553039504836;-0,09810971;-9,624562;-49,05486;49,990205614321
0,1923329;-0,8190199;2,329712;92,24756;0,9809505;-1,868757;490,4753;490,479791243887;-0,09809505;-9,623124;-49,04752;49,9827340374446
0,1942828;-0,8172028;2,32605;93,20384;0,9807592;-1,887519;490,3796;490,38422151565;-0,09807593;-9,621248;-49,03796;49,9729920749541
0,1959052;-0,8156912;2,322975;93,99937;0,9806001;-1,903128;490,3;490,30472295495;-0,09806001;-9,619687;-49,03001;49,9648829051639
0,197962;-0,8137753;2,319041;95,00769;0,9803985;-1,922911;490,1992;490,203970639023;-0,09803985;-9,617709;-49,01992;49,9546084593032
0,1994758;-0,8123654;2,316118;95,74972;0,9802501;-1,937469;490,125;490,129840162822;-0,09802501;-9,616253;-49,0125;49,947047297073
0,2009272;-0,8110138;2,313296;96,46104;0,9801078;-1,951426;490,0539;490,058759476486;-0,09801078;-9,614858;-49,00539;49,9397973528147
0,2026824;-0,8093796;2,309856;97,32111;0,9799358;-1,9683;489,9679;489,972828947983;-0,09799358;-9,61317;-48,99679;49,9310311390186
0,2041119;-0,8080489;2,307033;98,02144;0,9797957;-1,982041;489,8979;489,902846930356;-0,09797958;-9,611796;-48,98979;49,9238977178789
0,2061871;-0,8061174;2,302899;99,03799;0,9795924;-2,001986;489,7962;489,801274622026;-0,09795924;-9,609801;-48,97962;49,9135376136254
0,2076612;-0,8047456;2,299937;99,75993;0,979448;-2,01615;489,724;489,729128598437;-0,0979448;-9,608385;-48,9724;49,9061788165312
0,2091469;-0,8033631;2,296931;100,4875;0,9793025;-2,030424;489,6512;489,656434146755;-0,09793025;-9,606957;-48,96513;49,8987654093944
0,2108214;-0,8018054;2,293518;101,3073;0,9791386;-2,04651;489,5693;489,574531449315;-0,09791385;-9,605349;-48,95693;49,890411228889
0,2122527;-0,800474;2,290579;102,008;0,9789984;-2,060257;489,4992;489,504521229194;-0,09789984;-9,603974;-48,94992;49,8832701374813
0,2141828;-0,7986791;2,286585;102,9527;0,9788095;-2,078791;489,4047;489,410117829245;-0,09788094;-9,60212;-48,94048;49,8736446981241
0,2158431;-0,7971352;2,28312;103,7652;0,978647;-2,094733;489,3235;489,328948588362;-0,09786469;-9,600527;-48,93235;49,8653645787827
0,2176906;-0,7954176;2,279233;104,6691;0,9784662;-2,112468;489,2331;489,23863242851;-0,09784662;-9,598753;-48,92331;49,85615135637
0,219208;-0,7940072;2,276017;105,4114;0,9783177;-2,127032;489,1588;489,164446816814;-0,09783177;-9,597297;-48,91589;49,8485864508035
0,2206689;-0,7926494;2,272899;106,126;0,9781748;-2,141052;489,0874;489,093066870721;-0,09781748;-9,595895;-48,90874;49,8413052745849
0,2226788;-0,7907818;2,268577;107,1089;0,9779782;-2,160336;488,9891;488,994855312937;-0,09779783;-9,593966;-48,89891;49,8312874366683
0,2241359;-0,7894281;2,265419;107,8213;0,9778357;-2,174315;488,9179;488,923689802757;-0,09778357;-9,592568;-48,89179;49,8240294548929
0,2260692;-0,7876322;2,261197;108,7665;0,9776467;-2,192858;488,8234;488,829260442316;-0,09776467;-9,590714;-48,88234;49,8143965288776
0,2274576;-0,7863427;2,258143;109,4451;0,977511;-2,206173;488,7555;488,761449816716;-0,0977511;-9,589382;-48,87555;49,8074806298291
0,2289198;-0,7849849;2,254907;110,1597;0,9773681;-2,220194;488,684;488,690041728864;-0,09773681;-9,58798;-48,8684;49,8001994536106
0,2309385;-0,7831106;2,250406;111,1461;0,9771708;-2,239547;488,5854;488,591498063614;-0,09771708;-9,586045;-48,85854;49,7901466403827
0,2324122;-0,7817426;2,247095;111,8661;0,9770268;-2,253673;488,5134;488,519572673396;-0,09770268;-9,584633;-48,85134;49,7828110377462
0,2343303;-0,7799623;2,242754;112,8031;0,9768394;-2,272056;488,4197;488,425969684164;-0,09768394;-9,582794;-48,84197;49,7732596595675
0,2359816;-0,77843;2,23899;113,6095;0,9766781;-2,287879;488,3391;488,345386310018;-0,09766781;-9,581212;-48,8339;49,7650416369267
0,2377336;-0,7768044;2,234967;114,465;0,976507;-2,304664;488,2535;488,259925245315;-0,0976507;-9,579534;-48,82535;49,7563259225731
0,2393204;-0,7753324;2,231297;115,2397;0,976352;-2,319863;488,176;488,182513814455;-0,09763521;-9,578013;-48,8176;49,7484305315378
0,2409081;-0,7738598;2,227602;116,0147;0,9761971;-2,335069;488,0985;488,105102910816;-0,0976197;-9,576493;-48,80985;49,7405313971515
0,2428716;-0,7720389;2,222999;116,973;0,9760054;-2,353871;488,0027;488,009338429501;-0,09760054;-9,574613;-48,80027;49,730766056608
0,2443054;-0,7707096;2,219614;117,6727;0,9758655;-2,367598;487,9327;487,939459227653;-0,09758655;-9,57324;-48,79327;49,7236365624292
0,2461297;-0,7690184;2,215279;118,5627;0,9756874;-2,385061;487,8437;487,850525384829;-0,09756875;-9,571494;-48,78437;49,714567168149
0,2478473;-0,7674264;2,211168;119,4006;0,9755199;-2,401499;487,7599;487,7668361238;-0,09755199;-9,56985;-48,77599;49,7060265139174
0,2497663;-0,765648;2,206542;120,3365;0,9753327;-2,419862;487,6664;487,673330431598;-0,09753327;-9,568014;-48,76664;49,6964906598992
0,2512841;-0,7642418;2,202858;121,0766;0,9751847;-2,434383;487,5923;487,599398347267;-0,09751847;-9,566562;-48,75924;49,6889489487904
0,2526999;-0,7629302;2,199402;121,7669;0,9750466;-2,447926;487,5233;487,530436122109;-0,09750466;-9,565207;-48,75233;49,681912783287
0,2546557;-0,7611185;2,194596;122,7203;0,974856;-2,466632;487,428;487,4351945201;-0,09748559;-9,563336;-48,7428;49,6721979422152
0,256567;-0,7593485;2,189864;123,6518;0,9746696;-2,484909;487,3348;487,342118209275;-0,09746697;-9,561509;-48,73348;49,6627049174008
0,2581342;-0,7578975;2,185958;124,4155;0,9745169;-2,499892;487,2585;487,265840710103;-0,09745169;-9,560011;-48,72585;49,6549223061477
0,2596778;-0,7564684;2,182088;125,1676;0,9743665;-2,514648;487,1832;487,190691659635;-0,09743665;-9,558536;-48,71833;49,6472601449595
0,2610933;-0,7551582;2,178519;125,8571;0,9742286;-2,528177;487,1143;487,121823259507;-0,09742286;-9,557182;-48,71143;49,6402316497387
0,2625352;-0,7538237;2,174863;126,5595;0,9740881;-2,541957;487,044;487,051644325091;-0,09740881;-9,555804;-48,70441;49,6330748505313
0,2643086;-0,7521827;2,170341;127,4231;0,9739154;-2,558902;486,9577;486,96539984435;-0,09739154;-9,55411;-48,69577;49,624273661424
0,265902;-0,7507085;2,166251;128,1989;0,9737602;-2,574123;486,8801;486,887874797863;-0,09737603;-9,552588;-48,68801;49,6163666731598
0,2673461;-0,7493726;2,162524;128,902;0,9736196;-2,587918;486,8098;486,817636275664;-0,09736196;-9,551208;-48,68098;49,6092022036698
0,2688284;-0,7480016;2,158677;129,6236;0,9734753;-2,602075;486,7376;486,745569070728;-0,09734753;-9,549792;-48,67376;49,6018471499118
0,2703151;-0,7466267;2,154798;130,3472;0,9733306;-2,616271;486,6653;486,673288892658;-0,09733306;-9,548373;-48,66653;49,5944765719642
0,271857;-0,7452011;2,150753;131,0975;0,9731805;-2,630992;486,5902;486,598326475861;-0,09731805;-9,546901;-48,65903;49,5868299349657
0,2735793;-0,7436088;2,146207;131,9354;0,9730129;-2,647433;486,5065;486,514645969605;-0,09730129;-9,545257;-48,65065;49,578289280734
0,2753611;-0,7419618;2,141475;132,8022;0,9728395;-2,664439;486,4198;486,428039495682;-0,09728396;-9,543556;-48,64198;49,5694570432765
0,2769825;-0,7404634;2,137142;133,5909;0,9726818;-2,679913;486,3409;486,349268115494;-0,09726819;-9,542008;-48,63409;49,561417824094
0,2783855;-0,7391669;2,133373;134,2731;0,9725454;-2,693299;486,2727;486,281105668191;-0,09725454;-9,54067;-48,62727;49,5544671333442
0,2799031;-0,7377648;2,129275;135,0111;0,9723978;-2,707777;486,1989;486,207395562246;-0,09723978;-9,539223;-48,61989;49,5469450569814
0,2815289;-0,7362629;2,12486;135,8015;0,9722397;-2,723285;486,1198;486,128442730703;-0,09722397;-9,537671;-48,61198;49,5388901300139
0,2830375;-0,7348697;2,120741;136,5347;0,972093;-2,737671;486,0465;486,055221329234;-0,0972093;-9,536233;-48,60465;49,5314185531082
0,2845185;-0,7335019;2,116675;137,2546;0,9719491;-2,751794;485,9745;485,983311124208;-0,09719491;-9,534821;-48,59745;49,5240829504717
0,2862707;-0,7318841;2,111839;138,106;0,9717788;-2,7685;485,8894;485,898263171884;-0,09717788;-9,53315;-48,58894;49,5154061383755
0,2877329;-0,7305343;2,107781;138,8164;0,9716367;-2,782438;485,8184;485,827298888363;-0,09716367;-9,531756;-48,58184;49,5081677913461
0,2894899;-0,7289126;2,102878;139,6699;0,971466;-2,799183;485,733;485,742038661418;-0,0971466;-9,530082;-48,5733;49,4994715281285
0,2909545;-0,7275609;2,098768;140,3813;0,9713237;-2,813141;485,6619;485,670983869663;-0,09713238;-9,528686;-48,56619;49,4922214002749
0,2924211;-0,7262076;2,094631;141,0935;0,9711813;-2,827114;485,5906;485,599838047449;-0,09711813;-9,527288;-48,55907;49,484963602124
0,2938448;-0,724894;2,090597;141,7848;0,9710431;-2,840677;485,5215;485,530795929046;-0,0971043;-9,525932;-48,55215;49,4779195827134
0,2954103;-0,7234499;2,086138;142,5448;0,9708911;-2,855589;485,4455;485,454895792603;-0,0970891;-9,524441;-48,54455;49,4701719467716
0,2973412;-0,7216691;2,080607;143,482;0,9707036;-2,873977;485,3518;485,361286281701;-0,09707036;-9,522602;-48,53518;49,4606205685782
0,2990402;-0,7201024;2,07571;144,3066;0,9705387;-2,890155;485,2693;485,278925145435;-0,09705387;-9,520985;-48,52694;49,4522198155475
0,3006063;-0,7186584;2,071172;145,0665;0,9703867;-2,905065;485,1934;485,203026613515;-0,09703867;-9,519493;-48,51934;49,4444759229273
0,3025272;-0,7168877;2,065574;145,9984;0,9702003;-2,923349;485,1002;485,109937251199;-0,09702003;-9,517665;-48,51002;49,434978971152
0,3039196;-0,7156043;2,061494;146,6738;0,9700652;-2,936601;485,0326;485,042482993099;-0,09700652;-9,51634;-48,50326;49,4280944876883
0,3060867;-0,7136073;2,055108;147,7249;0,969855;-2,957222;484,9275;484,937507480949;-0,0969855;-9,514277;-48,49275;49,41738444683
0,3077078;-0,7121137;2,050302;148,5109;0,9696978;-2,972644;484,8489;484,858989812823;-0,09696978;-9,512735;-48,48489;49,4093725326615
0,3091505;-0,7107847;2,046003;149,2104;0,9695579;-2,986367;484,779;484,789129040821;-0,09695579;-9,511363;-48,4779;49,4022467818043
0,3106964;-0,7093609;2,041375;149,9597;0,969408;-3,001069;484,704;484,71430046062;-0,09694081;-9,509893;-48,47041;49,3946119256447
0,3121387;-0,7080326;2,037037;150,6588;0,9692683;-3,014785;484,6341;484,644471014447;-0,09692682;-9,508521;-48,46341;49,3874861748022
0,3141282;-0,7062008;2,03102;151,6228;0,9690754;-3,0337;484,5377;484,548185713;-0,09690755;-9,50663;-48,45377;49,3776626645043
0,3158453;-0,7046201;2,025797;152,4547;0,9689091;-3,050022;484,4545;484,465098742961;-0,0968909;-9,504998;-48,44545;49,3691842905832
0,3173196;-0,703263;2,02129;153,1689;0,9687662;-3,064034;484,3831;484,393777316562;-0,09687662;-9,503596;-48,43831;49,361906857701
0,3187774;-0,7019213;2,016813;153,875;0,968625;-3,077888;484,3125;484,323248755696;-0,0968625;-9,502212;-48,43125;49,3547113398753
0,3203088;-0,7005122;2,012089;154,6166;0,9684767;-3,092438;484,2383;484,249185089923;-0,09684767;-9,500756;-48,42384;49,3471541045914
0,321847;-0,699097;2,007321;155,3614;0,9683277;-3,107051;484,1638;484,174786602595;-0,09683277;-9,499295;-48,41639;49,3395620776355
0,3236044;-0,6974804;2,001845;156,2122;0,9681575;-3,123744;484,0788;484,089812606658;-0,09681576;-9,497625;-48,40788;49,3308929358219
0,3251335;-0,6960741;1,997058;156,9524;0,9680095;-3,138265;484,0048;484,015902810121;-0,09680095;-9,496174;-48,40048;49,323351408323
0,3267713;-0,694568;1,991905;157,745;0,967851;-3,153817;483,9255;483,936751267078;-0,0967851;-9,494618;-48,39255;49,3152732868831
0,3282737;-0,6931866;1,987156;158,472;0,9677056;-3,16808;483,8528;483,86415297173;-0,09677056;-9,493192;-48,38528;49,3078638067072
0,3297454;-0,6918337;1,982484;159,184;0,9675632;-3,18205;483,7816;483,79301801308;-0,09675632;-9,491795;-48,37816;49,3006097518927
0,3314254;-0,6902895;1,977124;159,9967;0,9674007;-3,197996;483,7003;483,711856456453;-0,09674007;-9,4902;-48,37003;49,2923257056051
0,3328826;-0,6889503;1,972454;160,7015;0,9672597;-3,211824;483,6299;483,641484404202;-0,09672597;-9,488817;-48,36298;49,2851417850082
0,3343462;-0,6876054;1,967743;161,4093;0,9671181;-3,225711;483,5591;483,570807991426;-0,09671181;-9,487429;-48,35591;49,2779305593829
0,3361703;-0,6859296;1,961843;162,2913;0,9669417;-3,243015;483,4709;483,482699221651;-0,09669418;-9,485699;-48,34709;49,2689428965493
0,337691;-0,6845328;1,956901;163,0264;0,9667947;-3,257439;483,3974;483,409311377823;-0,09667947;-9,484256;-48,33974;49,2614516849122
0,339333;-0,6830246;1,951539;163,8201;0,966636;-3,273011;483,318;483,330042002462;-0,0966636;-9,482698;-48,3318;49,253361966258
0,3407225;-0,6817486;1,946982;164,4917;0,9665017;-3,286186;483,2508;483,262963631029;-0,09665017;-9,481381;-48,32508;49,2465201283588
0,3421756;-0,6804146;1,942197;165,1938;0,9663612;-3,299962;483,1806;483,192868569455;-0,09663612;-9,480003;-48,31806;49,239363329166
0,3435796;-0,6791255;1,937554;165,8721;0,9662256;-3,313272;483,1128;483,125120533066;-0,09662256;-9,478673;-48,31128;49,2324515406737
0,3450168;-0,6778064;1,932783;166,5664;0,9660867;-3,326893;483,0434;483,055788157501;-0,09660868;-9,477311;-48,30434;49,2253764729275
0,3467067;-0,6762555;1,927147;167,3826;0,9659235;-3,342908;482,9617;482,974265990299;-0,09659235;-9,475709;-48,29617;49,2170572677334
0,3482946;-0,6747984;1,921827;168,1495;0,9657701;-3,357953;482,885;482,897681386519;-0,09657701;-9,474205;-48,28851;49,2092436081154
0,3497555;-0,6734581;1,916911;168,8549;0,965629;-3,371793;482,8145;482,82725327988;-0,09656291;-9,47282;-48,28145;49,2020555769623
0,3511401;-0,672188;1,912234;169,5233;0,9654953;-3,384907;482,7477;482,760513056396;-0,09654953;-9,471509;-48,27477;49,1952447874135
0,3525285;-0,6709145;1,907525;170,1936;0,9653613;-3,398057;482,6806;482,693559845445;-0,09653613;-9,470194;-48,26807;49,1884145467578
0,3540148;-0,6695515;1,902464;170,9109;0,9652178;-3,412132;482,6089;482,621944469145;-0,09652179;-9,468787;-48,26089;49,1811025058135
0,3559125;-0,6678115;1,895972;171,8266;0,9650347;-3,430099;482,5173;482,53049070835;-0,09650347;-9,46699;-48,25174;49,1717725766285
0,3573478;-0,6664956;1,891039;172,5191;0,9648961;-3,443686;482,4481;482,461344725732;-0,09648962;-9,465631;-48,24481;49,1647130330574
0,358784;-0,6651791;1,886083;173,212;0,9647576;-3,45728;482,3788;482,392138170172;-0,09647576;-9,464272;-48,23788;49,1576533058617
0,360212;-0,6638703;1,881136;173,9008;0,9646198;-3,470793;482,3099;482,323389196912;-0,09646199;-9,46292;-48,23099;49,1506326645481
0,3616413;-0,6625606;1,876166;174,5901;0,964482;-3,484318;482,241;482,254549159583;-0,0964482;-9,461568;-48,2241;49,143608096259
0,3630835;-0,6612393;1,871131;175,2855;0,9643429;-3,497962;482,1714;482,185100063018;-0,09643429;-9,460204;-48,21714;49,1365214312692
0,3648458;-0,6596247;1,864952;176,1352;0,964173;-3,514633;482,0865;482,100262440486;-0,0964173;-9,458537;-48,20865;49,1278640703091
0,3665745;-0,6580414;1,858862;176,9685;0,9640063;-3,530982;482,0031;482,017040469952;-0,09640063;-9,456902;-48,20032;49,1193737319392
0,3680571;-0,6566836;1,853617;177,6831;0,9638634;-3,545002;481,9317;481,945703513403;-0,09638634;-9,4555;-48,19317;49,112088812399
0,3696041;-0,6552671;1,848121;178,4286;0,9637143;-3,559628;481,8571;481,871258765376;-0,09637143;-9,454037;-48,18571;49,1044926748576
0,3711334;-0,653867;1,842666;179,1654;0,9635669;-3,574085;481,7834;481,797667706366;-0,09635669;-9,452592;-48,17834;49,0969823793336
0,3726826;-0,652449;1,837118;179,9117;0,9634176;-3,588728;481,7088;481,723162992579;-0,09634177;-9,451127;-48,17088;49,0893783879143
0,3741578;-0,6510988;1,831814;180,6223;0,9632756;-3,602669;481,6378;481,652193462001;-0,09632756;-9,449733;-48,16378;49,0821361139532
0,3758595;-0,6495416;1,825669;181,4418;0,9631116;-3,618749;481,5558;481,57037645341;-0,09631117;-9,448125;-48,15558;49,0737858603941
0,3772803;-0,6482417;1,820518;182,126;0,9629748;-3,632171;481,4874;481,502058901032;-0,09629748;-9,446783;-48,14874;49,066815718523
0,3789457;-0,6467181;1,814456;182,9278;0,9628145;-3,647903;481,4072;481,422010290941;-0,09628145;-9,44521;-48,14072;49,0586442684222
0,3806701;-0,6451409;1,808152;183,7578;0,9626485;-3,664189;481,3242;481,339128396608;-0,09626485;-9,443582;-48,13242;49,0501853456372
0,3821583;-0,64378;1,802688;184,4741;0,9625052;-3,678241;481,2526;481,267612771464;-0,09625052;-9,442176;-48,12526;49,0428847182972
0,3836344;-0,6424303;1,797248;185,1844;0,9623631;-3,692178;481,1815;481,196676518399;-0,09623631;-9,440783;-48,11816;49,0356463712678
0,3850957;-0,6410943;1,791843;185,8875;0,9622225;-3,705973;481,1112;481,126472006314;-0,09622225;-9,439403;-48,11113;49,0284817181825
0,3868152;-0,6395226;1,785457;186,7147;0,9620571;-3,722202;481,0285;481,043896961521;-0,0962057;-9,437779;-48,10285;49,0200499168014
0,3883747;-0,6380973;1,779641;187,4648;0,961907;-3,736919;480,9535;480,969000970769;-0,09619071;-9,436308;-48,09535;49,0124072067492
0,3900515;-0,636565;1,773361;188,2712;0,9617457;-3,752741;480,8729;480,888468495885;-0,09617458;-9,434726;-48,08729;49,0041891841084
0,3914727;-0,6352666;1,768018;188,9546;0,9616091;-3,766149;480,8045;480,820246413221;-0,09616091;-9,433385;-48,08046;48,9972267125345
0,3929587;-0,6339091;1,762411;189,669;0,9614662;-3,780166;480,7331;480,748916827002;-0,09614662;-9,431983;-48,07331;48,989945536316
0,3944692;-0,6325294;1,75669;190,3951;0,961321;-3,794412;480,6605;480,676429853544;-0,0961321;-9,430559;-48,06605;48,9825440936425
0,3961075;-0,6310333;1,750462;191,1825;0,9611635;-3,809861;480,5818;480,59781901583;-0,09611635;-9,429014;-48,05817;48,9745203986206
0,397715;-0,6295655;1,744325;191,955;0,961009;-3,825017;480,5045;480,520671189121;-0,0961009;-9,427498;-48,05045;48,966648202043
0,3991591;-0,6282471;1,738791;192,6488;0,9608702;-3,83863;480,4351;480,45141536497;-0,09608702;-9,426137;-48,04351;48,9595770612284
0,4006838;-0,6268554;1,732928;193,3813;0,9607238;-3,853001;480,3619;480,37829041994;-0,09607238;-9,4247;-48,03619;48,9521131546199
0,4021586;-0,6255094;1,727235;194,0897;0,9605821;-3,866899;480,291;480,307572951258;-0,0960582;-9,42331;-48,0291;48,9448942587119
0,403614;-0,6241813;1,721597;194,7887;0,9604422;-3,880613;480,2211;480,237769924587;-0,09604423;-9,421939;-48,02211;48,9377724348157
0,4051302;-0,6227979;1,715703;195,5167;0,9602966;-3,894898;480,1483;480,165072873563;-0,09602967;-9,42051;-48,01484;48,9303551007326
0,4068913;-0,6211913;1,708828;196,3622;0,9601275;-3,911487;480,0638;480,080676669273;-0,09601276;-9,418851;-48,00638;48,9217366420153
0,4083822;-0,6198314;1,702986;197,0779;0,9599844;-3,925528;479,9922;480,009229805002;-0,09599844;-9,417447;-47,99922;48,9144438685679
0,4101519;-0,6182176;1,696025;197,9272;0,9598145;-3,942192;479,9073;479,924438650048;-0,09598146;-9,415781;-47,99073;48,9057866912177
0,4116617;-0,616841;1,690062;198,6518;0,9596696;-3,956408;479,8348;479,852078697614;-0,09596696;-9,414359;-47,98348;48,8984043324312
0,413178;-0,6154586;1,684052;199,3793;0,9595242;-3,970682;479,7621;479,779475556815;-0,09595241;-9,412931;-47,97621;48,8909909252944
0,4148397;-0,6139439;1,677441;200,1764;0,9593647;-3,986322;479,6823;479,699865411324;-0,09593647;-9,411367;-47,96824;48,8828662313291
0,4165154;-0,6124168;1,670748;200,9801;0,959204;-4,00209;479,602;479,619646562408;-0,0959204;-9,409791;-47,9602;48,8746755137169
0,4180747;-0,6109959;1,664496;201,728;0,9590544;-4,016762;479,5272;479,544973102847;-0,09590545;-9,408323;-47,95272;48,8670559981224
0,4195923;-0,6096132;1,65839;202,4556;0,9589089;-4,031039;479,4544;479,472341421134;-0,09589089;-9,406896;-47,94545;48,859642590971
0,421057;-0,6082789;1,652475;203,1579;0,9587684;-4,044817;479,3842;479,40223886318;-0,09587684;-9,405519;-47,93842;48,8524859753881
0,4226421;-0,6068352;1,646052;203,9176;0,9586165;-4,059724;479,3082;479,326378671145;-0,09586165;-9,404028;-47,93082;48,8447422663925
0,4241999;-0,6054167;1,639716;204,6642;0,9584671;-4,074372;479,2336;479,251859513662;-0,09584672;-9,402563;-47,92336;48,8371345316369
0,4258989;-0,6038696;1,63278;205,4784;0,9583043;-4,090347;479,1522;479,170577492483;-0,09583043;-9,400966;-47,91522;48,8288387044958
0,4273854;-0,6025164;1,62669;206,1906;0,9581619;-4,10432;479,0809;479,099471415608;-0,09581619;-9,399568;-47,9081;48,821580722735
0,4289279;-0,6011124;1,620347;206,9295;0,9580141;-4,118817;479,007;479,02571535968;-0,09580141;-9,398118;-47,90071;48,8140507924797
0,4305319;-0,5996526;1,613729;207,6978;0,9578605;-4,133891;478,9302;478,949035164943;-0,09578604;-9,396611;-47,89302;48,8062216086865
0,4320253;-0,5982937;1,607545;208,413;0,9577174;-4,147922;478,8587;478,877625814872;-0,09577174;-9,395207;-47,88587;48,7989325785901
0,4334936;-0,5969578;1,601444;209,116;0,9575768;-4,161716;478,7884;478,807435508398;-0,09575768;-9,393828;-47,87884;48,7917681091
0,4349466;-0,595636;1,595387;209,8116;0,9574377;-4,175364;478,7188;478,73800727871;-0,09574377;-9,392464;-47,87188;48,7846775171787
0,4365217;-0,5942034;1,588799;210,5656;0,9572869;-4,190157;478,6434;478,66273032785;-0,09572869;-9,390985;-47,86435;48,776995904869
0,4380146;-0,5928457;1,582533;211,2802;0,957144;-4,204177;478,572;478,591414220855;-0,0957144;-9,389583;-47,8572;48,7697147286505
0,4396381;-0,5913696;1,575695;212,057;0,9569886;-4,219419;478,4943;478,513853468373;-0,09569886;-9,388058;-47,84943;48,7617959595475
0,4411172;-0,5900249;1,569444;212,7647;0,9568471;-4,233304;478,4235;478,44320846932;-0,09568471;-9,386669;-47,84235;48,7545847339221
0,442519;-0,5887507;1,563501;213,4353;0,956713;-4,246461;478,3565;478,37628045568;-0,0956713;-9,385354;-47,83565;48,7477507499301
0,4439741;-0,5874281;1,557312;214,1314;0,9565737;-4,260118;478,2869;478,306793899473;-0,09565737;-9,383988;-47,82869;48,7406562310478
0,4454925;-0,5860483;1,550832;214,8575;0,9564285;-4,274365;478,2142;478,23429192811;-0,09564285;-9,382564;-47,82143;48,7332583480861
0,4473448;-0,5843654;1,542899;215,7432;0,9562514;-4,291742;478,1257;478,145888937561;-0,09562514;-9,380826;-47,81257;48,7242317830097
0,4488252;-0,5830206;1,536535;216,451;0,9561098;-4,305628;478,0549;478,075246241439;-0,09561098;-9,379437;-47,80549;48,7170205573843
0,4502961;-0,5816846;1,530192;217,1541;0,9559692;-4,319424;477,9846;478,005060913645;-0,09559692;-9,378057;-47,79846;48,7098521609626
0,4517686;-0,5803473;1,523821;217,8579;0,9558284;-4,333232;477,9142;477,93481510988;-0,09558284;-9,376677;-47,79142;48,7026798375947
0,4532788;-0,578976;1,517266;218,5796;0,9556841;-4,347392;477,842;477,862772469177;-0,09556841;-9,37526;-47,78421;48,6953285271585
0,454694;-0,5776912;1,511105;219,2558;0,9555488;-4,360659;477,7744;477,795269079028;-0,09555489;-9,373934;-47,77744;48,6884361898022
0,4565343;-0,5760207;1,503064;220,135;0,955373;-4,377908;477,6865;477,707509189621;-0,0955373;-9,37221;-47,76865;48,6794758319826
0,4579846;-0,5747044;1,496705;220,8277;0,9552345;-4,3915;477,6172;477,63836182594;-0,09552345;-9,37085;-47,76172;48,6724161047869
0,4594514;-0,5733733;1,490253;221,5282;0,9550943;-4,405244;477,5472;477,56845338927;-0,09550944;-9,369475;-47,75472;48,6652787567156
0,4608717;-0,5720847;1,483987;222,2064;0,9549587;-4,41855;477,4794;477,500769023387;-0,09549587;-9,368145;-47,74794;48,6583669682233
0,4623373;-0,5707551;1,477501;222,9061;0,9548188;-4,432279;477,4094;477,430922326925;-0,09548188;-9,366772;-47,74094;48,6512372904345
0,4639784;-0,5692666;1,470215;223,6896;0,9546621;-4,447649;477,3311;477,352729891287;-0,09546621;-9,365235;-47,7331;48,6432526812799
0,4655226;-0,5678661;1,463336;224,4266;0,9545147;-4,46211;477,2574;477,279167965907;-0,09545147;-9,363789;-47,72573;48,6357420185215
0,4671012;-0,5664346;1,45628;225,18;0,954364;-4,476891;477,182;477,20396164744;-0,0954364;-9,36231;-47,7182;48,6280643331727
0,46861;-0,5650667;1,449514;225,8999;0,95422;-4,491016;477,11;477,132106446808;-0,095422;-9,360898;-47,711;48,6207287305216
0,4700435;-0,5637673;1,443067;226,5837;0,9540833;-4,504433;477,0416;477,063845944424;-0,09540833;-9,359557;-47,70416;48,6137587722896
0,4717078;-0,5622588;1,435557;227,3776;0,9539245;-4,520009;476,9622;476,984620449976;-0,09539245;-9,357999;-47,69622;48,6056688700108
0,4733263;-0,5607922;1,42823;228,1495;0,9537701;-4,535153;476,885;476,907558065061;-0,09537701;-9,356484;-47,68851;48,5978045273112
0,4747749;-0,5594797;1,42165;228,8403;0,9536319;-4,548707;476,816;476,838628865611;-0,09536319;-9,355129;-47,6816;48,5907644348469
0,4764575;-0,5579554;1,413983;229,6425;0,9534715;-4,564446;476,7357;476,758552071692;-0,09534715;-9,353556;-47,67358;48,5825892414098
0,4779821;-0,5565744;1,407013;230,3693;0,9533262;-4,578705;476,6631;476,685999139221;-0,09533262;-9,352129;-47,66631;48,5751835045557
0,4795319;-0,5551708;1,399906;231,108;0,9531784;-4,593198;476,5892;476,612289311033;-0,09531784;-9,35068;-47,65892;48,5676537579102
0,4810699;-0,5537782;1,39283;231,8409;0,9530318;-4,607579;476,5159;476,539128171789;-0,09530319;-9,349242;-47,65159;48,5601859243555
0,4825107;-0,5524737;1,386182;232,5274;0,9528945;-4,621048;476,4473;476,470627655332;-0,09528945;-9,347896;-47,64473;48,5531886610949
0,4840308;-0,5510978;1,379147;233,2516;0,9527497;-4,635256;476,3748;476,398350731529;-0,09527497;-9,346475;-47,63749;48,5458102292547
0,4856355;-0,5496453;1,371697;234,016;0,9525968;-4,650254;476,2984;476,32205384654;-0,09525968;-9,344975;-47,62984;48,538019764109
0,4870612;-0,5483551;1,365058;234,695;0,952461;-4,663576;476,2305;476,254285600085;-0,0952461;-9,343642;-47,62305;48,5311001217242
0,4888249;-0,5467593;1,356818;235,5349;0,952293;-4,680054;476,1465;476,170466754414;-0,09522931;-9,341994;-47,61465;48,5225400163858
0,4903075;-0,545418;1,349869;236,2408;0,9521518;-4,693903;476,0759;476,100019209015;-0,09521519;-9,34061;-47,60759;48,5153482418818
0,4917584;-0,5441056;1,343049;236,9314;0,9520137;-4,707455;476,0069;476,031094963453;-0,09520137;-9,339254;-47,60069;48,5083081494321
0,4932691;-0,5427394;1,335927;237,6505;0,9518699;-4,721562;475,935;475,959338657733;-0,09518699;-9,337844;-47,59349;48,5009804006881
0,494786;-0,5413677;1,328754;238,3724;0,9517255;-4,735726;475,8628;475,887278216991;-0,09517255;-9,336428;-47,58628;48,4936253469156
0,4964283;-0,5398829;1,320964;239,1538;0,9515693;-4,751058;475,7846;475,809279257523;-0,09515692;-9,334894;-47,57846;48,4856600052725
0,4983885;-0,538111;1,311633;240,0863;0,9513828;-4,769354;475,6914;475,716235602913;-0,09513827;-9,333065;-47,56914;48,4761591265509
0,4998427;-0,5367967;1,304687;240,778;0,9512444;-4,782925;475,6222;475,647191861528;-0,09512444;-9,331707;-47,56222;48,4691109965842
0,5017032;-0,5351154;1,295772;241,6629;0,9510674;-4,800286;475,5337;475,558900621086;-0,09510674;-9,329971;-47,55337;48,4600922854003
0,5031549;-0,5338038;1,288794;242,3531;0,9509293;-4,813829;475,4647;475,490010155429;-0,09509294;-9,328617;-47,54647;48,4530598632186
0,5046711;-0,5324341;1,281484;243,074;0,9507852;-4,827972;475,3926;475,418074601226;-0,09507852;-9,327203;-47,53926;48,4457126633532
0,5067958;-0,5305151;1,271206;244,0839;0,9505832;-4,847787;475,2916;475,31726810654;-0,09505832;-9,325221;-47,52916;48,4354187663711
0,5082145;-0,529234;1,264319;244,7582;0,9504483;-4,861016;475,2242;475,24999327375;-0,09504484;-9,323898;-47,52242;48,428549623458
0,5100668;-0,5275615;1,255298;245,6384;0,9502723;-4,878285;475,1362;475,162161993183;-0,09502723;-9,322171;-47,51362;48,4195812281213
0,5116209;-0,5261586;1,247706;246,3767;0,9501247;-4,892771;475,0623;475,08846216316;-0,09501246;-9,320723;-47,50623;48,4120552248122
0,5131852;-0,5247467;1,240041;247,1198;0,949976;-4,907351;474,988;475,014306052465;-0,09499761;-9,319265;-47,4988;48,4044826489776
0,5151784;-0,5229479;1,230241;248,0665;0,9497867;-4,925925;474,8933;474,91983767484;-0,09497867;-9,317408;-47,48933;48,3948340151626
0,5166724;-0,5215999;1,222871;248,7759;0,9496448;-4,939844;474,8224;474,849063090708;-0,09496448;-9,316015;-47,48224;48,3876070817522
0,5183751;-0,5200639;1,214446;249,5843;0,9494832;-4,955704;474,7416;474,7683915299;-0,09494831;-9,314429;-47,47416;48,37936960799
0,5199932;-0,5186044;1,206416;250,3524;0,9493295;-4,970775;474,6648;474,691740389597;-0,09493295;-9,312922;-47,46648;48,3715404242114
0,5219321;-0,5168558;1,19676;251,2727;0,9491455;-4,98883;474,5727;474,599893681634;-0,09491455;-9,311117;-47,45728;48,3621639225156
0,5235901;-0,5153608;1,188476;252,0594;0,9489881;-5,004266;474,494;474,521386097934;-0,09489881;-9,309573;-47,44941;48,3541441544545
0,5250165;-0,5140749;1,181328;252,7362;0,9488528;-5,017545;474,4264;474,453872494423;-0,09488527;-9,308246;-47,44264;48,3472478901374
0,5270687;-0,5122252;1,171012;253,7097;0,948658;-5,036645;474,329;474,35672908887;-0,09486581;-9,306335;-47,4329;48,3373271242179
0,5285614;-0,51088;1,163483;254,4177;0,9485165;-5,050535;474,2582;474,286079867856;-0,09485165;-9,304947;-47,42582;48,3301121552707
0,5308393;-0,5088274;1,151954;255,4979;0,9483004;-5,071729;474,1502;474,178279765545;-0,09483004;-9,302827;-47,41502;48,3191028608893
0,5322777;-0,5075316;1,14465;256,1799;0,948164;-5,085109;474,082;474,110220064316;-0,0948164;-9,301489;-47,4082;48,3121559134759
0,5341322;-0,5058613;1,135203;257,059;0,9479882;-5,102357;473,9941;474,022519659374;-0,09479882;-9,299765;-47,39941;48,3031955556562
0,5357195;-0,5044318;1,127093;257,8113;0,9478378;-5,117117;473,9189;473,947457168805;-0,09478378;-9,298288;-47,39189;48,2955294675363
0,5371375;-0,503155;1,119827;258,4833;0,9477034;-5,130301;473,8517;473,880403799328;-0,09477033;-9,296969;-47,38517;48,2886797757592
0,5388979;-0,5015701;1,110781;259,3174;0,9475365;-5,146666;473,7683;473,797181459346;-0,09475365;-9,295333;-47,37683;48,2801817671068
0,540327;-0,5002837;1,103417;259,9944;0,9474011;-5,159949;473,7006;473,729611311434;-0,09474012;-9,294005;-47,37006;48,2732817594679
0,5419349;-0,4988366;1,095108;260,756;0,9472488;-5,174892;473,6244;473,653606828652;-0,09472488;-9,292511;-47,36244;48,2655223426579
0,5433314;-0,4975799;1,087872;261,4174;0,9471166;-5,187869;473,5583;473,587621020616;-0,09471165;-9,291213;-47,35583;48,2587815037314
0,5446924;-0,4963554;1,080803;262,0618;0,9469876;-5,200513;473,4938;473,523310332754;-0,09469876;-9,289948;-47,34938;48,2522155412877
0,5465663;-0,4946696;1,071041;262,949;0,9468102;-5,21792;473,4051;473,434792436216;-0,09468102;-9,288208;-47,34051;48,2431734520362
0,5481069;-0,4932839;1,062992;263,6783;0,9466643;-5,232228;473,3322;473,362048159632;-0,09466644;-9,286777;-47,33322;48,2357407773879
0,5498321;-0,4917324;1,053951;264,4948;0,946501;-5,248248;473,2505;473,280565326379;-0,0946501;-9,285175;-47,32505;48,2274215721791
0,5512217;-0,490483;1,046649;265,1524;0,9463695;-5,261149;473,1848;473,214947117677;-0,09463695;-9,283885;-47,31848;48,2207196354954
0,5526189;-0,4892268;1,039289;265,8135;0,9462373;-5,27412;473,1187;473,148994404412;-0,09462373;-9,282588;-47,31187;48,2139827235006
0,55437;-0,4876528;1,03004;266,6419;0,9460716;-5,290373;473,0358;473,066356158833;-0,09460717;-9,280963;-47,30358;48,2055393249053
0,5561247;-0,4860757;1,020742;267,4719;0,9459056;-5,306658;472,9528;472,983535795957;-0,09459057;-9,279334;-47,29528;48,1970802185103
0,5577799;-0,4845884;1,011946;268,2546;0,9457491;-5,322015;472,8745;472,905435561153;-0,09457491;-9,277799;-47,28745;48,1891032796237
0,5592207;-0,483294;1,004269;268,9359;0,9456128;-5,335382;472,8064;472,837475136908;-0,09456129;-9,276462;-47,28064;48,1821640025075
0,5606115;-0,4820445;0,9968387;269,5934;0,9454813;-5,348283;472,7407;472,771859588743;-0,09454814;-9,275171;-47,27407;48,1754620658238
0,5621474;-0,480665;0,9886137;270,3194;0,9453361;-5,362527;472,6681;472,699424148683;-0,09453361;-9,273747;-47,26681;48,1680643664721
0,5637235;-0,4792496;0,9801501;271,0644;0,9451872;-5,377142;472,5936;472,625101438289;-0,09451871;-9,272285;-47,25936;48,1604721558916
0,5652511;-0,477878;0,9719251;271,7862;0,9450427;-5,391306;472,5214;472,553062755495;-0,09450427;-9,270869;-47,25214;48,1531171021191
0,567041;-0,476271;0,9622602;272,6319;0,9448736;-5,407898;472,4368;472,468693509406;-0,09448736;-9,26921;-47,24368;48,1444986434018
0,5685067;-0,4749554;0,9543241;273,3243;0,9447351;-5,421484;472,3676;472,399609236507;-0,09447352;-9,267852;-47,23676;48,1374430267769
0,5704474;-0,4732137;0,943785;274,241;0,9445518;-5,439468;472,2759;472,308177582567;-0,09445518;-9,266053;-47,22759;48,1281015003777
0,5721558;-0,4716808;0,9344791;275,0477;0,9443905;-5,455296;472,1952;472,227676882335;-0,09443904;-9,26447;-47,21952;48,1198795507906
0,5741247;-0,4699144;0,9237201;275,9773;0,9442045;-5,473535;472,1023;472,134937453142;-0,09442046;-9,262647;-47,21023;48,1104059770976
0,5758462;-0,4683703;0,9142836;276,79;0,944042;-5,48948;472,021;472,053859590539;-0,0944042;-9,261052;-47,2021;48,1021256741317
0,5774021;-0,466975;0,9057316;277,5243;0,9438952;-5,503887;471,9476;471,98060690762;-0,09438951;-9,259611;-47,19476;48,09463857308
0,5791988;-0,4653639;0,8958277;278,3722;0,9437256;-5,520523;471,8628;471,896028989402;-0,09437256;-9,257948;-47,18628;48,0860006632267
0,580733;-0,4639885;0,8873471;279,0961;0,9435808;-5,534726;471,7904;471,823781983497;-0,09435808;-9,256528;-47,17904;48,078622415011
0,5825918;-0,4623223;0,8770432;279,973;0,9434054;-5,551929;471,7027;471,736313000097;-0,09434054;-9,254807;-47,17027;48,0696889949708
0,5840359;-0,4610281;0,8690161;280,6541;0,9432692;-5,565293;471,6346;471,668359840675;-0,09432692;-9,25347;-47,16346;48,0627459745329
0,5859798;-0,4592862;0,8581803;281,5708;0,9430858;-5,58328;471,5429;471,576903843147;-0,09430858;-9,251672;-47,15429;48,0534044481336
0,5875006;-0,4579237;0,8496785;282,2879;0,9429424;-5,597349;471,4712;471,50538974136;-0,09429424;-9,250265;-47,14712;48,0460961505111
0,5891016;-0,4564896;0,8407054;283,0427;0,9427915;-5,612157;471,3957;471,430070475136;-0,09427915;-9,248784;-47,13958;48,0384066843089
0,5906909;-0,4550661;0,831774;283,7918;0,9426416;-5,626855;471,3208;471,355360732036;-0,09426416;-9,247314;-47,13208;48,0307718281492
0,5921146;-0,4537913;0,823754;284,4628;0,9425074;-5,640019;471,2537;471,288414579533;-0,09425075;-9,245998;-47,12537;48,0239339172109
0,5939313;-0,4521646;0,8134922;285,3188;0,9423363;-5,656816;471,1681;471,20302007164;-0,09423362;-9,244318;-47,11681;48,0152103489794
0,5953811;-0,4508668;0,805281;286,0019;0,9421996;-5,670217;471,0998;471,134887617353;-0,09421996;-9,242978;-47,10998;48,0082480610154
0,5972021;-0,4492369;0,7949407;286,8596;0,942028;-5,687047;471,014;471,049311632094;-0,09420281;-9,241296;-47,1014;47,9995054088969
0,5986814;-0,447913;0,7865173;287,5564;0,9418887;-5,700717;470,9444;470,979810208546;-0,09418888;-9,239928;-47,09444;47,9924067794584
0,6001446;-0,4466038;0,7781665;288,2454;0,9417509;-5,714235;470,8755;470,911070265573;-0,09417509;-9,238577;-47,08755;47,9853861381155
0,6019292;-0,4450073;0,7679541;289,0857;0,9415829;-5,730721;470,7914;470,827261760196;-0,09415828;-9,236928;-47,07914;47,9768221058162
0,6033548;-0,4437321;0,7597752;289,7568;0,9414486;-5,743887;470,7243;470,760318912753;-0,09414487;-9,235611;-47,07243;47,969984011268
0,6048231;-0,4424189;0,7513314;290,4479;0,9413104;-5,757447;470,6552;470,691367273215;-0,09413105;-9,234255;-47,06552;47,962939991872
0,6067331;-0,440711;0,7403177;291,3467;0,9411306;-5,775084;470,5653;470,601715647829;-0,09411307;-9,232491;-47,05653;47,9537811958627
0,6082255;-0,4393767;0,7316885;292,049;0,9409902;-5,788861;470,4951;470,531638636521;-0,09409902;-9,231113;-47,04951;47,9466243966699
0,609683;-0,4380738;0,7232413;292,7347;0,9408531;-5,802315;470,4265;470,463266939158;-0,09408531;-9,229769;-47,04265;47,9396349873019
0,6111143;-0,4367945;0,7149271;293,408;0,9407184;-5,815524;470,3592;470,39608275514;-0,09407184;-9,228448;-47,03592;47,9327736982959
0,6125846;-0,4354805;0,7063668;294,0995;0,9405801;-5,829092;470,29;470,327103025834;-0,09405801;-9,227091;-47,02901;47,9257294952754
0,614184;-0,4340515;0,6970321;294,8516;0,9404297;-5,843848;470,2148;470,252096483767;-0,09404297;-9,225616;-47,02148;47,9180635907655
0,6158265;-0,432584;0,687421;295,6238;0,9402753;-5,859;470,1376;470,17505087398;-0,09402753;-9,2241;-47,01376;47,9101953211196
0,617308;-0,4312607;0,678731;296,3203;0,940136;-5,872664;470,068;470,105585527754;-0,09401359;-9,222733;-47,0068;47,903096875291
0,6187778;-0,429948;0,670089;297,0112;0,9399978;-5,886219;469,9989;470,036668537853;-0,09399978;-9,221378;-46,99989;47,8960567828413
0,6202298;-0,4286513;0,6615323;297,6936;0,9398613;-5,899608;469,9306;469,968604333672;-0,09398613;-9,220039;-46,99306;47,8891021651599
0,6217476;-0,4272962;0,6525674;298,4068;0,9397187;-5,913601;469,8593;469,897466120579;-0,09397186;-9,21864;-46,98593;47,8818327697802
0,6233897;-0,4258304;0,6428446;299,1783;0,9395643;-5,928737;469,7822;469,820514402125;-0,09395643;-9,217126;-46,97822;47,8739721704169
0,6248953;-0,4244865;0,6339078;299,8855;0,9394229;-5,942614;469,7115;469,749986003385;-0,09394229;-9,215738;-46,97115;47,8667648717524
0,6265429;-0,4230161;0,6241039;300,6594;0,9392681;-5,957797;469,6341;469,672791815133;-0,09392682;-9,21422;-46,96341;47,8588773346096
0,627963;-0,4217489;0,6156341;301,3262;0,9391348;-5,970881;469,5674;469,60628231483;-0,09391347;-9,212912;-46,95674;47,8520820692359
0,629554;-0,4203295;0,6061226;302,0733;0,9389853;-5,985538;469,4927;469,53176779131;-0,09389853;-9,211446;-46,94927;47,844470407534
0,6312912;-0,41878;0,5957111;302,8888;0,9388223;-6,001537;469,4111;469,450435558225;-0,09388223;-9,209846;-46,94111;47,8361592398423
0,6327642;-0,4174663;0,5868608;303,5801;0,938684;-6,015102;469,342;469,38146187971;-0,0938684;-9,208489;-46,9342;47,8291150368218
0,6342497;-0,4161416;0,5779151;304,2773;0,9385445;-6,028781;469,2723;469,311940831525;-0,09385446;-9,207122;-46,92723;47,8220089207253
0,6359022;-0,4146682;0,56794;305,0527;0,9383895;-6,043994;469,1947;469,234597621468;-0,09383895;-9,205601;-46,91947;47,8141058593927
0,6373952;-0,4133372;0,5589058;305,7532;0,9382493;-6,057737;469,1247;469,164742694467;-0,09382494;-9,204226;-46,91247;47,8069685113214
0,6390021;-0,4119051;0,5491599;306,507;0,9380986;-6,072526;469,0493;469,089561627326;-0,09380987;-9,202747;-46,90493;47,7992868990263
0,6405428;-0,410532;0,5397929;307,2296;0,9379541;-6,086704;468,9771;469,017485693221;-0,09379541;-9,201329;-46,89771;47,7919239913612
0,6420298;-0,409207;0,530732;307,9269;0,9378147;-6,100385;468,9073;468,947936532191;-0,09378146;-9,199962;-46,89073;47,7848178752501
0,6435283;-0,407872;0,5215802;308,6295;0,9376741;-6,114171;468,837;468,877839915748;-0,09376741;-9,198583;-46,88371;47,777657149111
0,6450454;-0,4065206;0,5122937;309,3407;0,9375318;-6,128125;468,7659;468,806922060676;-0,09375319;-9,197187;-46,87659;47,7704109481891
0,6469388;-0,4048343;0,5006742;310,2282;0,9373544;-6,145537;468,6772;468,718412323941;-0,09373543;-9,195446;-46,86772;47,7613649319766
0,64863;-0,4033284;0,4902675;311,0208;0,9371958;-6,161088;468,5979;468,639369010788;-0,09371959;-9,193892;-46,85979;47,7532907374829
0,6500884;-0,4020299;0,4812727;311,7041;0,9370592;-6,174494;468,5296;468,571222395473;-0,09370592;-9,192551;-46,85296;47,7463245225873
0,6515107;-0,4007638;0,4724817;312,3704;0,9369259;-6,187568;468,463;468,504750138611;-0,09369259;-9,191243;-46,8463;47,7395369274962
0,6530135;-0,3994262;0,4631722;313,0744;0,9367851;-6,20138;468,3925;468,434534734176;-0,09367851;-9,189862;-46,83926;47,7323608607919
0,6544963;-0,3981067;0,4539671;313,7689;0,9366462;-6,215005;468,3231;468,365293791729;-0,09366462;-9,188499;-46,83231;47,7252856094211
0,65625;-0,3965462;0,4430535;314,5901;0,936482;-6,231118;468,241;468,283392181048;-0,0936482;-9,186888;-46,8241;47,7169159047553
0,6577164;-0,3952416;0,4339063;315,2767;0,9363447;-6,244588;468,1723;468,214913037505;-0,09363447;-9,185541;-46,81723;47,7099186414947
0,659145;-0,3939709;0,4249759;315,9455;0,9362109;-6,25771;468,1054;468,148199535006;-0,09362109;-9,184229;-46,81055;47,7031039249995
0,6606365;-0,3926443;0,415632;316,6436;0,9360713;-6,271408;468,0356;468,07859525357;-0,09360713;-9,182859;-46,80357;47,6959899549958
0,6620806;-0,3913602;0,4065659;317,3195;0,9359361;-6,284667;467,968;468,01118262319;-0,09359361;-9,181533;-46,79681;47,6891013609759
0,6635569;-0,3900476;0,3972778;318,0103;0,9357979;-6,298221;467,899;467,942309660872;-0,0935798;-9,180178;-46,7899;47,6820612685262
0,6651039;-0,3886724;0,3875241;318,734;0,9356532;-6,312421;467,8266;467,870119750217;-0,09356532;-9,178758;-46,78266;47,6746867636323
0,6667174;-0,3872381;0,3773267;319,4888;0,9355022;-6,32723;467,7511;467,7948565676;-0,09355023;-9,177277;-46,77511;47,6669935541084
0,6682085;-0,385913;0,367882;320,1862;0,9353628;-6,340913;467,6814;467,725284924259;-0,09353628;-9,175909;-46,76814;47,6598874379972
0,6697502;-0,3845431;0,3580956;320,9072;0,9352186;-6,355059;467,6093;467,653400897014;-0,09352186;-9,174494;-46,76093;47,6525400545073
0,6712782;-0,3831856;0,3483741;321,6216;0,9350757;-6,369076;467,5378;467,582156429165;-0,09350757;-9,173092;-46,75378;47,6452588782887
0,6730427;-0,3816182;0,3371217;322,4465;0,9349107;-6,385261;467,4554;467,499895675296;-0,09349107;-9,171474;-46,74554;47,6368541983117
0,6745737;-0,3802584;0,3273349;323,1622;0,9347675;-6,399302;467,3838;467,42853050369;-0,09347676;-9,17007;-46,73838;47,6295614248643
0,6762396;-0,3787791;0,3166616;323,9407;0,9346119;-6,414577;467,3059;467,350896709342;-0,09346119;-9,168542;-46,73059;47,6216271315715
0,6778247;-0,3773717;0,3064821;324,6814;0,9344637;-6,429109;467,2319;467,277037099904;-0,09344637;-9,167089;-46,72319;47,6140779338047
0,6793396;-0,376027;0,2967324;325,3891;0,9343222;-6,442995;467,1611;467,206464675613;-0,09343222;-9,165701;-46,71611;47,6068667081793
0,6808813;-0,3746586;0,2867885;326,1093;0,9341781;-6,457124;467,0891;467,134644994945;-0,09341782;-9,164288;-46,70891;47,5995271785965
0,6823084;-0,373392;0,2775638;326,7758;0,9340448;-6,470202;467,0224;467,06815130538;-0,09340449;-9,16298;-46,70224;47,5927358401837
0,6838258;-0,3720456;0,2677357;327,4844;0,9339031;-6,484105;466,9516;466,997519489319;-0,09339032;-9,16159;-46,69516;47,585513017344
0,6854565;-0,370599;0,2571502;328,2458;0,9337508;-6,499043;466,8754;466,921593007383;-0,09337509;-9,160096;-46,68754;47,5777537841586
0,6875581;-0,3687348;0,2434711;329,2269;0,9335546;-6,518292;466,7773;466,823756688555;-0,09335546;-9,158171;-46,67773;47,5677552137388
0,6890551;-0,3674071;0,2337031;329,9256;0,9334149;-6,532001;466,7074;466,754069746295;-0,09334149;-9,1568;-46,67075;47,5606373167889
0,6903748;-0,3662369;0,2250748;330,5415;0,9332917;-6,544084;466,6458;466,692660464021;-0,09332917;-9,155592;-46,66459;47,5543591942494
0,6917262;-0,3650388;0,2162228;331,1721;0,9331656;-6,556457;466,5828;466,629790898945;-0,09331656;-9,154354;-46,65828;47,5479331330212
0,693141;-0,3637846;0,2069376;331,8322;0,9330336;-6,569407;466,5168;466,563969929915;-0,09330336;-9,153059;-46,65168;47,5412078182552
0,6946643;-0,3624343;0,1969197;332,5428;0,9328914;-6,583349;466,4457;466,493128453653;-0,09328914;-9,151665;-46,64457;47,5339655442795
0,6962157;-0,3610594;0,1866949;333,2664;0,9327467;-6,597546;466,3734;466,420948429692;-0,09327468;-9,150246;-46,63734;47,5265912230101
0,6977226;-0,3597242;0,1767433;333,9691;0,9326062;-6,611332;466,3031;466,35089909503;-0,09326062;-9,148867;-46,63031;47,519430496871
0,6990939;-0,3585092;0,1676681;334,6085;0,9324783;-6,623878;466,2392;466,287149122193;-0,09324783;-9,147613;-46,62392;47,512915217509
0,7004918;-0,357271;0,1584001;335,2602;0,932348;-6,636664;466,174;466,222151855359;-0,0932348;-9,146334;-46,6174;47,5062716342042
0,7019061;-0,3560183;0,1490045;335,9194;0,9322161;-6,649599;466,1081;466,156424765153;-0,09322161;-9,145041;-46,61081;47,4995541733307
0,7033562;-0,3547341;0,1393523;336,5953;0,9320809;-6,662859;466,0405;466,089024444791;-0,0932081;-9,143714;-46,60405;47,4926655793108
0,7047601;-0,3534909;0,1299891;337,2495;0,9319501;-6,675696;465,975;466,023785016068;-0,09319501;-9,14243;-46,5975;47,4859986179237
0,7065688;-0,3518897;0,1178997;338,0923;0,9317815;-6,69223;465,8908;465,939771648277;-0,09317815;-9,140777;-46,58908;47,4774112075421
0,7080985;-0,3505356;0,1076519;338,8049;0,931639;-6,706212;465,8195;465,868721364999;-0,0931639;-9,139379;-46,58195;47,470149482445
0,7095984;-0,3492082;0,09758353;339,5035;0,9314993;-6,719918;465,7497;465,799071267858;-0,09314993;-9,138008;-46,57497;47,463031585495
0,7110931;-0,3478855;0,08752894;340,1996;0,9313601;-6,733576;465,6801;465,729665040923;-0,09313601;-9,136642;-46,568;47,4559370666273
0,7125927;-0,3465587;0,07742119;340,8979;0,9312204;-6,747276;465,6102;465,660015782097;-0,09312204;-9,135272;-46,56102;47,4488229129991
0,7142305;-0,3451099;0,06635809;341,6604;0,9310679;-6,762237;465,534;465,584007769794;-0,09310679;-9,133777;-46,5534;47,4410520825848
0,7160099;-0,343536;0,05431056;342,4887;0,9309022;-6,778488;465,4511;465,501428001715;-0,09309023;-9,132152;-46,54511;47,4326086839895
0,7174839;-0,3422325;0,04430914;343,1747;0,930765;-6,791948;465,3825;465,433027849957;-0,0930765;-9,130805;-46,53825;47,425618907387
0,7190837;-0,340818;0,03343201;343,9192;0,9306161;-6,806554;465,3081;465,358786138557;-0,09306162;-9,129345;-46,53081;47,4180308073773
0,7205347;-0,3395352;0,02354598;344,5943;0,9304811;-6,8198;465,2406;465,291482302602;-0,09304812;-9,12802;-46,52406;47,4111538105716
0,722195;-0,3380676;0,01221061;345,3666;0,9303266;-6,834954;465,1633;465,214472851255;-0,09303267;-9,126505;-46,51633;47,4032817975894
0,7236395;-0,3367909;0,002327442;346,0386;0,9301923;-6,848137;465,0961;465,147474165873;-0,09301923;-9,125186;-46,50962;47,3964358491487
0,7251061;-0,3354949;-0,007725477;346,7206;0,9300559;-6,861518;465,0279;465,079471866099;-0,09300559;-9,123848;-46,5028;47,3894851584135
0,7267653;-0,334029;-0,01912236;347,4921;0,9299016;-6,876655;464,9508;465,002555274367;-0,09299016;-9,122334;-46,49508;47,3816209993384
0,7282509;-0,3327166;-0,02934885;348,1828;0,9297634;-6,890207;464,8817;464,93370204587;-0,09297635;-9,120979;-46,48817;47,3745846502105
0,7297549;-0,3313882;-0,03972197;348,8819;0,9296236;-6,903924;464,8118;464,863997324872;-0,09296236;-9,119608;-46,48118;47,3674590829779
0,731477;-0,3298674;-0,05162477;349,6823;0,9294635;-6,919627;464,7318;464,784222429861;-0,09294636;-9,118037;-46,47318;47,3593031570523
0,7329975;-0,3285248;-0,06215668;350,3889;0,9293222;-6,93349;464,6611;464,71375804163;-0,09293222;-9,116651;-46,46611;47,3520997853341
0,7344984;-0,3271998;-0,07257295;351,0862;0,9291828;-6,947172;464,5914;464,64423735665;-0,09291828;-9,115283;-46,45914;47,3449936692229
0,7361361;-0,3257542;-0,08396268;351,847;0,9290306;-6,962099;464,5153;464,568388845364;-0,09290306;-9,113791;-46,45153;47,3372421063201
0,7375976;-0,3244643;-0,09414792;352,5259;0,9288948;-6,975418;464,4474;464,500725066973;-0,09288948;-9,112458;-46,44474;47,3303224639353
0,7393995;-0,3228743;-0,1067314;353,3627;0,9287274;-6,991836;464,3637;464,417302021656;-0,09287275;-9,110816;-46,43637;47,3217971502689
0,7409044;-0,3215466;-0,1172638;354,0615;0,9285877;-7,005546;464,2939;464,347631181269;-0,09285877;-9,109446;-46,42939;47,3146755099826
0,7425858;-0,3200634;-0,1290555;354,842;0,9284316;-7,020861;464,2158;464,269807301073;-0,09284316;-9,107914;-46,42158;47,3067217655684
0,7441092;-0,3187198;-0,1397617;355,5492;0,9282902;-7,034735;464,1451;464,199316058667;-0,09282902;-9,106526;-46,41451;47,2995144669039
0,7457216;-0,3172979;-0,1511164;356,2975;0,9281405;-7,049417;464,0703;464,124718173657;-0,09281405;-9,105059;-46,40702;47,2918874646368
0,7474037;-0,3158147;-0,1629875;357,0781;0,9279844;-7,064732;463,9922;464,04689596558;-0,09279844;-9,103527;-46,39922;47,2839337202226
0,7488908;-0,3145037;-0,1735034;357,768;0,9278464;-7,078269;463,9232;463,978109890844;-0,09278464;-9,102173;-46,39232;47,2769012980555
0,7504407;-0,3131376;-0,184485;358,487;0,9277026;-7,092375;463,8513;463,906434149113;-0,09277026;-9,100762;-46,38513;47,2695772926333
0,7518794;-0,3118697;-0,1946981;359,1543;0,9275692;-7,105467;463,7846;463,83993075733;-0,09275691;-9,099453;-46,37846;47,2627743569915
0,7533439;-0,3105792;-0,2051141;359,8335;0,9274333;-7,118793;463,7166;463,772210819693;-0,09274333;-9,098121;-46,37167;47,2558547146067
0,7549384;-0,3091744;-0,2164764;360,5728;0,9272854;-7,133298;463,6427;463,6985287309;-0,09272855;-9,09667;-46,36427;47,2483208574051
0,7568079;-0,3075276;-0,2298276;361,4395;0,9271121;-7,150302;463,5561;463,612130835131;-0,09271121;-9,09497;-46,35561;47,2394886199329
0,7583663;-0,306155;-0,2409818;362,1618;0,9269676;-7,164475;463,4838;463,540123010707;-0,09269676;-9,093553;-46,34838;47,2321258958923
0,7597914;-0,3049001;-0,2512012;362,8223;0,9268355;-7,177433;463,4178;463,474291225854;-0,09268355;-9,092257;-46,34178;47,2253966541801
0,761206;-0,3036546;-0,2613633;363,4778;0,9267045;-7,190294;463,3522;463,408946569451;-0,09267045;-9,090971;-46,33522;47,2187180955641
0,7627101;-0,3023304;-0,2721887;364,1747;0,9265651;-7,203967;463,2825;463,339465056154;-0,09265651;-9,089603;-46,32825;47,2116157227893
0,7643555;-0,3008822;-0,2840543;364,9369;0,9264126;-7,218922;463,2063;463,263474001984;-0,09264126;-9,088108;-46,32063;47,2038486357113
0,765928;-0,2994982;-0,2954175;365,6653;0,926267;-7,233212;463,1335;463,190890695509;-0,0926267;-9,086679;-46,31335;47,1964236313603
0,7672907;-0,2982991;-0,3052826;366,2963;0,9261407;-7,245594;463,0704;463,127981457062;-0,09261408;-9,085441;-46,30704;47,1899938267811
0,7686791;-0,2970776;-0,315351;366,9392;0,9260122;-7,258207;463,0061;463,063886195183;-0,09260122;-9,084179;-46,30061;47,1834433885126
0,7701086;-0,29582;-0,3257363;367,601;0,9258798;-7,271192;462,9399;462,99793582817;-0,09258798;-9,082881;-46,29399;47,1766988062351
0,7715771;-0,2945284;-0,3364236;368,2808;0,9257438;-7,284529;462,8719;462,930160591718;-0,09257439;-9,081547;-46,28719;47,1697713099724
0,7730991;-0,2931899;-0,3475208;368,9852;0,925603;-7,29835;462,8015;462,859952319619;-0,0925603;-9,080165;-46,28015;47,1625913163218
0,7745424;-0,2919208;-0,3580642;369,6531;0,9254694;-7,311454;462,7347;462,793364359208;-0,09254694;-9,078855;-46,27347;47,1557844537338
0,7761494;-0,290508;-0,3698254;370,3967;0,9253207;-7,326043;462,6603;462,719263418776;-0,09253207;-9,077395;-46,26603;47,1482077673285
0,7776352;-0,2892019;-0,3807201;371,084;0,9251832;-7,339529;462,5916;462,650729542223;-0,09251832;-9,076047;-46,25916;47,1412026501754
0,7791358;-0,287883;-0,3917446;371,7782;0,9250444;-7,353148;462,5222;462,581557450048;-0,09250443;-9,074685;-46,25222;47,1341313257362
0,7807289;-0,286483;-0,4034705;372,515;0,924897;-7,367604;462,4485;462,508127228832;-0,0924897;-9,073239;-46,24485;47,1266208466169
0,7821822;-0,2852061;-0,414187;373,187;0,9247626;-7,380788;462,3813;462,441146159259;-0,09247626;-9,071921;-46,23813;47,1197750817715
0,7836876;-0,2838836;-0,4253085;373,883;0,9246234;-7,394444;462,3117;462,371762485561;-0,09246234;-9,070556;-46,23117;47,1126805628892
0,7851856;-0,2825678;-0,4363959;374,5755;0,9244849;-7,408031;462,2425;462,302744340319;-0,09244849;-9,069197;-46,22425;47,1056247626398
0,7869132;-0,2810506;-0,4492073;375,374;0,9243252;-7,423698;462,1626;462,223141286467;-0,09243252;-9,06763;-46,21626;47,0974845445139
0,7884147;-0,2797322;-0,4603639;376,0679;0,9241864;-7,437311;462,0932;462,153972000677;-0,09241864;-9,066269;-46,20932;47,0904171470211
0,7900099;-0,2783316;-0,4722393;376,8049;0,924039;-7,451773;462,0195;462,080514435896;-0,0924039;-9,064823;-46,20195;47,0829029245654
0,7914633;-0,2770558;-0,4830792;377,4764;0,9239047;-7,464947;461,9524;462,01359703279;-0,09239047;-9,063505;-46,19524;47,0760609030563
0,792875;-0,2758167;-0,4936268;378,1285;0,9237743;-7,477741;461,8871;461,948596277032;-0,09237743;-9,062226;-46,18872;47,0694173197369
0,7943925;-0,274485;-0,5049851;378,8294;0,9236341;-7,491492;461,8171;461,878759798872;-0,09236342;-9,060851;-46,18171;47,0622723013975
0,7960928;-0,2729931;-0,5177357;379,6145;0,9234771;-7,506897;461,7386;461,800498401993;-0,09234771;-9,05931;-46,17385;47,0542718008333
0,797863;-0,2714402;-0,5310388;380,4318;0,9233136;-7,522932;461,6568;461,719043951047;-0,09233136;-9,057707;-46,16568;47,0459449253419
0,7993395;-0,2701451;-0,542156;381,1134;0,9231773;-7,536304;461,5887;461,651094703455;-0,09231773;-9,05637;-46,15887;47,0389981615531
0,8008253;-0,2688421;-0,5533636;381,7992;0,9230402;-7,54976;461,5201;461,582750591007;-0,09230402;-9,055024;-46,15201;47,0320085685897
0,8022943;-0,2675539;-0,5644641;382,4771;0,9229046;-7,563061;461,4523;461,515197758974;-0,09229046;-9,053694;-46,14523;47,0251005234338
0,80379;-0,2662426;-0,5757859;383,1672;0,9227666;-7,576601;461,3833;461,446398252799;-0,09227666;-9,05234;-46,13833;47,0180681012521
0,8054195;-0,2648142;-0,5881443;383,919;0,9226162;-7,591351;461,3081;461,37148590077;-0,09226162;-9,050865;-46,13081;47,0104061236884
0,8070331;-0,2634;-0,600405;384,6633;0,9224674;-7,605954;461,2337;461,297303997057;-0,09224673;-9,049404;-46,12337;47,0028215833905
0,8085336;-0,262085;-0,6118283;385,3553;0,9223289;-7,619532;461,1645;461,228323510712;-0,0922329;-9,048047;-46,11645;46,995769893712
0,8101323;-0,2606843;-0,6240211;386,0925;0,9221815;-7,633996;461,0908;461,154872681023;-0,09221815;-9,0466;-46,10907;46,9882554876317
0,8115356;-0,2594548;-0,634743;386,7395;0,9220521;-7,64669;461,026;461,090363986915;-0,09220521;-9,045331;-46,1026;46,981662403784
0,8130856;-0,2580972;-0,6466057;387,4541;0,9219092;-7,660709;460,9546;461,019164759485;-0,09219092;-9,043929;-46,09546;46,9743812275655
0,8148094;-0,2565875;-0,6598251;388,2486;0,9217503;-7,676298;460,8752;460,939997659539;-0,09217503;-9,04237;-46,08751;46,9662836550042
0,8164214;-0,2551759;-0,6722109;388,9915;0,9216017;-7,690873;460,8008;460,865940510731;-0,09216017;-9,040913;-46,08009;46,9587148224914
0,8179223;-0,2538619;-0,6837645;389,683;0,9214634;-7,704441;460,7317;460,797023832927;-0,09214634;-9,039556;-46,07317;46,9516668761345
0,8193939;-0,2525737;-0,695112;390,361;0,9213278;-7,717743;460,6639;460,729476261568;-0,09213278;-9,038226;-46,06639;46,9447590146031
0,8208261;-0,2513202;-0,7061749;391,0207;0,9211959;-7,730687;460,5979;460,663723419855;-0,09211959;-9,036931;-46,05979;46,9380336998518
0,8223815;-0,2499591;-0,71821;391,7371;0,9210526;-7,744741;460,5263;460,592344721597;-0,09210526;-9,035526;-46,05263;46,9307369994435
0,823774;-0,2487406;-0,7290032;392,3783;0,9209244;-7,757322;460,4622;460,528417459997;-0,09209243;-9,034267;-46,04622;46,9242020853501
0,825243;-0,2474555;-0,7404084;393,0547;0,9207891;-7,770593;460,3945;460,461023731176;-0,09207891;-9,032941;-46,03946;46,9173097479938
0,8269749;-0,2459405;-0,7538803;393,852;0,9206296;-7,786236;460,3148;460,381556789439;-0,09206297;-9,031377;-46,03148;46,9091813107067
0,8284178;-0,2446786;-0,7651243;394,5161;0,9204968;-7,799266;460,2484;460,315380501777;-0,09204968;-9,030073;-46,02484;46,9024131667516
0,8298354;-0,243439;-0,7761896;395,1685;0,9203663;-7,812067;460,1831;460,250360243394;-0,09203663;-9,028793;-46,01831;46,8957656564713
0,8314657;-0,2420135;-0,7889376;395,9187;0,9202163;-7,826785;460,1081;460,175608795687;-0,09202163;-9,027322;-46,01081;46,8881229464191
0,8329202;-0,240742;-0,8003311;396,5879;0,9200824;-7,839914;460,0412;460,108916812291;-0,09200824;-9,026009;-46,00412;46,8813043029777
0,8343523;-0,2394903;-0,8115675;397,2466;0,9199507;-7,852839;459,9753;460,0432897572;-0,09199507;-9,024716;-45,99754;46,8745907690652
0,8359752;-0,238072;-0,8243244;397,9931;0,9198014;-7,867485;459,9007;459,968904759905;-0,09198014;-9,023252;-45,99007;46,8669830343095
0,8374439;-0,2367886;-0,8358891;398,6685;0,9196663;-7,880736;459,8332;459,901605993424;-0,09196663;-9,021926;-45,98331;46,8600983672358
0,839048;-0,2353872;-0,8485422;399,4061;0,9195188;-7,895207;459,7594;459,828103922309;-0,09195188;-9,020479;-45,97594;46,852583961141
0,8405426;-0,2340817;-0,8603518;400,0931;0,9193814;-7,908687;459,6907;459,759620017413;-0,09193814;-9,019132;-45,96907;46,8455827709342
0,8419939;-0,2328141;-0,8718398;400,7603;0,9192479;-7,921776;459,624;459,693143706585;-0,09192479;-9,017822;-45,9624;46,8387835786288
0,8434298;-0,2315602;-0,8832238;401,4202;0,919116;-7,934724;459,558;459,627397706042;-0,0919116;-9,016527;-45,9558;46,8320582638774
0,8448836;-0,2302908;-0,894769;402,0883;0,9189823;-7,947832;459,4912;459,560831054868;-0,09189823;-9,015217;-45,94912;46,8252514012748
0,8465933;-0,2287982;-0,9083705;402,8738;0,9188253;-7,963243;459,4126;459,482557244834;-0,09188253;-9,013676;-45,94126;46,8172434140672
0,8483176;-0,2272931;-0,9221144;403,6658;0,9186668;-7,978784;459,3334;459,40361499608;-0,09186669;-9,012121;-45,93334;46,8091729629099
0,849858;-0,2259488;-0,9344158;404,3734;0,9185253;-7,992665;459,2627;459,333127111229;-0,09185253;-9,010734;-45,92627;46,8019619208944
0,8512968;-0,2246933;-0,9459255;405,0341;0,9183932;-8,00563;459,1966;459,267292227979;-0,09183932;-9,009437;-45,91966;46,7952287522505
0,852825;-0,22336;-0,9581702;405,7358;0,9182528;-8,019397;459,1264;459,197352548128;-0,09182528;-9,00806;-45,91264;46,7880798069357
0,8542674;-0,2221019;-0,9697461;406,398;0,9181204;-8,032388;459,0602;459,131396974628;-0,09181204;-9,006762;-45,90602;46,7813312977265
0,8560565;-0,2205414;-0,9841311;407,2192;0,9179562;-8,048501;458,9781;459,049568809377;-0,09179562;-9,00515;-45,89781;46,7729615930461
0,8575473;-0,2192414;-0,9961402;407,9034;0,9178193;-8,061925;458,9097;458,981394373609;-0,09178194;-9,003807;-45,89097;46,7659912675796
0,8590204;-0,2179569;-1,008026;408,5794;0,9176841;-8,075188;458,8421;458,914041416446;-0,09176841;-9,002481;-45,8842;46,7590991138333
